"Animal_ID","Bin","Area","Mean","IntDen","RawIntDen","source_file","Image","Genotype","Sex","Age"
"L57343-2M",1,1964.106,4.276,8397.811,26013,"C4-MAX_TILESCANS_20250704_multi_layer_HCR_IF_set1_lif - 20250704_L57343-2M_S3L_488-S100b_594-Mfge8_647-Tnc_20X_Merged.tif_rotated.tif_subtracted.tif_AllTiles.csv"," 20250704_L57343-2M_S3L_488-S100b_594-Mfge8_647-Tnc_20X_Merged.tif_rotated.tif","KO","M",30
"L57343-2M",2,3707.072,3.888,14412.158,44643,"C4-MAX_TILESCANS_20250704_multi_layer_HCR_IF_set1_lif - 20250704_L57343-2M_S3L_488-S100b_594-Mfge8_647-Tnc_20X_Merged.tif_rotated.tif_subtracted.tif_AllTiles.csv"," 20250704_L57343-2M_S3L_488-S100b_594-Mfge8_647-Tnc_20X_Merged.tif_rotated.tif","KO","M",30
"L57343-2M",3,4416.978,2.871,12680.168,39278,"C4-MAX_TILESCANS_20250704_multi_layer_HCR_IF_set1_lif - 20250704_L57343-2M_S3L_488-S100b_594-Mfge8_647-Tnc_20X_Merged.tif_rotated.tif_subtracted.tif_AllTiles.csv"," 20250704_L57343-2M_S3L_488-S100b_594-Mfge8_647-Tnc_20X_Merged.tif_rotated.tif","KO","M",30
"L57343-2M",4,3905.29,2.824,11026.626,34156,"C4-MAX_TILESCANS_20250704_multi_layer_HCR_IF_set1_lif - 20250704_L57343-2M_S3L_488-S100b_594-Mfge8_647-Tnc_20X_Merged.tif_rotated.tif_subtracted.tif_AllTiles.csv"," 20250704_L57343-2M_S3L_488-S100b_594-Mfge8_647-Tnc_20X_Merged.tif_rotated.tif","KO","M",30
"L57343-2M",5,4158.713,2.941,12231.756,37889,"C4-MAX_TILESCANS_20250704_multi_layer_HCR_IF_set1_lif - 20250704_L57343-2M_S3L_488-S100b_594-Mfge8_647-Tnc_20X_Merged.tif_rotated.tif_subtracted.tif_AllTiles.csv"," 20250704_L57343-2M_S3L_488-S100b_594-Mfge8_647-Tnc_20X_Merged.tif_rotated.tif","KO","M",30
"L57343-2M",6,2353.763,3.089,7270.161,22520,"C4-MAX_TILESCANS_20250704_multi_layer_HCR_IF_set1_lif - 20250704_L57343-2M_S3L_488-S100b_594-Mfge8_647-Tnc_20X_Merged.tif_rotated.tif_subtracted.tif_AllTiles.csv"," 20250704_L57343-2M_S3L_488-S100b_594-Mfge8_647-Tnc_20X_Merged.tif_rotated.tif","KO","M",30
"L57343-2M",7,1744.258,2.948,5141.734,15927,"C4-MAX_TILESCANS_20250704_multi_layer_HCR_IF_set1_lif - 20250704_L57343-2M_S3L_488-S100b_594-Mfge8_647-Tnc_20X_Merged.tif_rotated.tif_subtracted.tif_AllTiles.csv"," 20250704_L57343-2M_S3L_488-S100b_594-Mfge8_647-Tnc_20X_Merged.tif_rotated.tif","KO","M",30
"L57343-2M",8,1169.295,3.021,3532.743,10943,"C4-MAX_TILESCANS_20250704_multi_layer_HCR_IF_set1_lif - 20250704_L57343-2M_S3L_488-S100b_594-Mfge8_647-Tnc_20X_Merged.tif_rotated.tif_subtracted.tif_AllTiles.csv"," 20250704_L57343-2M_S3L_488-S100b_594-Mfge8_647-Tnc_20X_Merged.tif_rotated.tif","KO","M",30
"L57343-2M",9,630.167,3.357,2115.514,6553,"C4-MAX_TILESCANS_20250704_multi_layer_HCR_IF_set1_lif - 20250704_L57343-2M_S3L_488-S100b_594-Mfge8_647-Tnc_20X_Merged.tif_rotated.tif_subtracted.tif_AllTiles.csv"," 20250704_L57343-2M_S3L_488-S100b_594-Mfge8_647-Tnc_20X_Merged.tif_rotated.tif","KO","M",30
"L57343-2M",10,29.378,4.341,127.518,395,"C4-MAX_TILESCANS_20250704_multi_layer_HCR_IF_set1_lif - 20250704_L57343-2M_S3L_488-S100b_594-Mfge8_647-Tnc_20X_Merged.tif_rotated.tif_subtracted.tif_AllTiles.csv"," 20250704_L57343-2M_S3L_488-S100b_594-Mfge8_647-Tnc_20X_Merged.tif_rotated.tif","KO","M",30
"L57343-2M",11,24079.019,3.195,76936.19,238317,"C4-MAX_TILESCANS_20250704_multi_layer_HCR_IF_set1_lif - 20250704_L57343-2M_S3L_488-S100b_594-Mfge8_647-Tnc_20X_Merged.tif_rotated.tif_subtracted.tif_AllTiles.csv"," 20250704_L57343-2M_S3L_488-S100b_594-Mfge8_647-Tnc_20X_Merged.tif_rotated.tif","KO","M",30
"L57343-3M",1,2430.757,3.874,9416.369,29263,"C4-MAX_TILESCANS_20250704_multi_layer_HCR_IF_set1_lif - 20250704_L57343-3M_S2R_488-S100b_594-Mfge8_647-Tnc_20X_Merged.tif_rotated.tif_subtracted.tif_AllTiles.csv"," 20250704_L57343-3M_S2R_488-S100b_594-Mfge8_647-Tnc_20X_Merged.tif_rotated.tif","WT","M",30
"L57343-3M",2,1668.129,3.62,6039.244,18768,"C4-MAX_TILESCANS_20250704_multi_layer_HCR_IF_set1_lif - 20250704_L57343-3M_S2R_488-S100b_594-Mfge8_647-Tnc_20X_Merged.tif_rotated.tif_subtracted.tif_AllTiles.csv"," 20250704_L57343-3M_S2R_488-S100b_594-Mfge8_647-Tnc_20X_Merged.tif_rotated.tif","WT","M",30
"L57343-3M",3,2510.56,2.846,7145.538,22206,"C4-MAX_TILESCANS_20250704_multi_layer_HCR_IF_set1_lif - 20250704_L57343-3M_S2R_488-S100b_594-Mfge8_647-Tnc_20X_Merged.tif_rotated.tif_subtracted.tif_AllTiles.csv"," 20250704_L57343-3M_S2R_488-S100b_594-Mfge8_647-Tnc_20X_Merged.tif_rotated.tif","WT","M",30
"L57343-3M",4,3085.266,2.704,8343.218,25928,"C4-MAX_TILESCANS_20250704_multi_layer_HCR_IF_set1_lif - 20250704_L57343-3M_S2R_488-S100b_594-Mfge8_647-Tnc_20X_Merged.tif_rotated.tif_subtracted.tif_AllTiles.csv"," 20250704_L57343-3M_S2R_488-S100b_594-Mfge8_647-Tnc_20X_Merged.tif_rotated.tif","WT","M",30
"L57343-3M",5,3258.064,2.662,8671.438,26948,"C4-MAX_TILESCANS_20250704_multi_layer_HCR_IF_set1_lif - 20250704_L57343-3M_S2R_488-S100b_594-Mfge8_647-Tnc_20X_Merged.tif_rotated.tif_subtracted.tif_AllTiles.csv"," 20250704_L57343-3M_S2R_488-S100b_594-Mfge8_647-Tnc_20X_Merged.tif_rotated.tif","WT","M",30
"L57343-3M",6,2359.321,2.544,6000.952,18649,"C4-MAX_TILESCANS_20250704_multi_layer_HCR_IF_set1_lif - 20250704_L57343-3M_S2R_488-S100b_594-Mfge8_647-Tnc_20X_Merged.tif_rotated.tif_subtracted.tif_AllTiles.csv"," 20250704_L57343-3M_S2R_488-S100b_594-Mfge8_647-Tnc_20X_Merged.tif_rotated.tif","WT","M",30
"L57343-3M",7,2563.654,2.646,6782.887,21079,"C4-MAX_TILESCANS_20250704_multi_layer_HCR_IF_set1_lif - 20250704_L57343-3M_S2R_488-S100b_594-Mfge8_647-Tnc_20X_Merged.tif_rotated.tif_subtracted.tif_AllTiles.csv"," 20250704_L57343-3M_S2R_488-S100b_594-Mfge8_647-Tnc_20X_Merged.tif_rotated.tif","WT","M",30
"L57343-3M",8,2299.791,2.593,5962.66,18530,"C4-MAX_TILESCANS_20250704_multi_layer_HCR_IF_set1_lif - 20250704_L57343-3M_S2R_488-S100b_594-Mfge8_647-Tnc_20X_Merged.tif_rotated.tif_subtracted.tif_AllTiles.csv"," 20250704_L57343-3M_S2R_488-S100b_594-Mfge8_647-Tnc_20X_Merged.tif_rotated.tif","WT","M",30
"L57343-3M",9,900.996,2.933,2642.169,8211,"C4-MAX_TILESCANS_20250704_multi_layer_HCR_IF_set1_lif - 20250704_L57343-3M_S2R_488-S100b_594-Mfge8_647-Tnc_20X_Merged.tif_rotated.tif_subtracted.tif_AllTiles.csv"," 20250704_L57343-3M_S2R_488-S100b_594-Mfge8_647-Tnc_20X_Merged.tif_rotated.tif","WT","M",30
"L57343-3M",10,718.866,5.1,3666.408,11394,"C4-MAX_TILESCANS_20250704_multi_layer_HCR_IF_set1_lif - 20250704_L57343-3M_S2R_488-S100b_594-Mfge8_647-Tnc_20X_Merged.tif_rotated.tif_subtracted.tif_AllTiles.csv"," 20250704_L57343-3M_S2R_488-S100b_594-Mfge8_647-Tnc_20X_Merged.tif_rotated.tif","WT","M",30
"L57343-3M",11,21795.403,2.967,64670.884,200976,"C4-MAX_TILESCANS_20250704_multi_layer_HCR_IF_set1_lif - 20250704_L57343-3M_S2R_488-S100b_594-Mfge8_647-Tnc_20X_Merged.tif_rotated.tif_subtracted.tif_AllTiles.csv"," 20250704_L57343-3M_S2R_488-S100b_594-Mfge8_647-Tnc_20X_Merged.tif_rotated.tif","WT","M",30
"L57343-3M",1,2291.103,3.852,8825.251,27426,"C4-MAX_TILESCANS_20250704_multi_layer_HCR_IF_set1_lif - 20250704_L57343-3M_S3R_488-S100b_594-Mfge8_647-Tnc_20X_Merged.tif_rotated.tif_subtracted.tif_AllTiles.csv"," 20250704_L57343-3M_S3R_488-S100b_594-Mfge8_647-Tnc_20X_Merged.tif_rotated.tif","WT","M",30
"L57343-3M",2,2145.335,2.978,6388.38,19853,"C4-MAX_TILESCANS_20250704_multi_layer_HCR_IF_set1_lif - 20250704_L57343-3M_S3R_488-S100b_594-Mfge8_647-Tnc_20X_Merged.tif_rotated.tif_subtracted.tif_AllTiles.csv"," 20250704_L57343-3M_S3R_488-S100b_594-Mfge8_647-Tnc_20X_Merged.tif_rotated.tif","WT","M",30
"L57343-3M",3,2386.351,2.505,5978.427,18579,"C4-MAX_TILESCANS_20250704_multi_layer_HCR_IF_set1_lif - 20250704_L57343-3M_S3R_488-S100b_594-Mfge8_647-Tnc_20X_Merged.tif_rotated.tif_subtracted.tif_AllTiles.csv"," 20250704_L57343-3M_S3R_488-S100b_594-Mfge8_647-Tnc_20X_Merged.tif_rotated.tif","WT","M",30
"L57343-3M",4,2688.184,2.421,6507.44,20223,"C4-MAX_TILESCANS_20250704_multi_layer_HCR_IF_set1_lif - 20250704_L57343-3M_S3R_488-S100b_594-Mfge8_647-Tnc_20X_Merged.tif_rotated.tif_subtracted.tif_AllTiles.csv"," 20250704_L57343-3M_S3R_488-S100b_594-Mfge8_647-Tnc_20X_Merged.tif_rotated.tif","WT","M",30
"L57343-3M",5,3571.16,2.273,8117.004,25225,"C4-MAX_TILESCANS_20250704_multi_layer_HCR_IF_set1_lif - 20250704_L57343-3M_S3R_488-S100b_594-Mfge8_647-Tnc_20X_Merged.tif_rotated.tif_subtracted.tif_AllTiles.csv"," 20250704_L57343-3M_S3R_488-S100b_594-Mfge8_647-Tnc_20X_Merged.tif_rotated.tif","WT","M",30
"L57343-3M",6,2666.303,2.502,6669.941,20728,"C4-MAX_TILESCANS_20250704_multi_layer_HCR_IF_set1_lif - 20250704_L57343-3M_S3R_488-S100b_594-Mfge8_647-Tnc_20X_Merged.tif_rotated.tif_subtracted.tif_AllTiles.csv"," 20250704_L57343-3M_S3R_488-S100b_594-Mfge8_647-Tnc_20X_Merged.tif_rotated.tif","WT","M",30
"L57343-3M",7,1791.694,2.389,4281.016,13304,"C4-MAX_TILESCANS_20250704_multi_layer_HCR_IF_set1_lif - 20250704_L57343-3M_S3R_488-S100b_594-Mfge8_647-Tnc_20X_Merged.tif_rotated.tif_subtracted.tif_AllTiles.csv"," 20250704_L57343-3M_S3R_488-S100b_594-Mfge8_647-Tnc_20X_Merged.tif_rotated.tif","WT","M",30
"L57343-3M",8,2202.612,2.432,5356.74,16647,"C4-MAX_TILESCANS_20250704_multi_layer_HCR_IF_set1_lif - 20250704_L57343-3M_S3R_488-S100b_594-Mfge8_647-Tnc_20X_Merged.tif_rotated.tif_subtracted.tif_AllTiles.csv"," 20250704_L57343-3M_S3R_488-S100b_594-Mfge8_647-Tnc_20X_Merged.tif_rotated.tif","WT","M",30
"L57343-3M",9,1130.749,2.603,2943.038,9146,"C4-MAX_TILESCANS_20250704_multi_layer_HCR_IF_set1_lif - 20250704_L57343-3M_S3R_488-S100b_594-Mfge8_647-Tnc_20X_Merged.tif_rotated.tif_subtracted.tif_AllTiles.csv"," 20250704_L57343-3M_S3R_488-S100b_594-Mfge8_647-Tnc_20X_Merged.tif_rotated.tif","WT","M",30
"L57343-3M",10,712.43,3.494,2489,7735,"C4-MAX_TILESCANS_20250704_multi_layer_HCR_IF_set1_lif - 20250704_L57343-3M_S3R_488-S100b_594-Mfge8_647-Tnc_20X_Merged.tif_rotated.tif_subtracted.tif_AllTiles.csv"," 20250704_L57343-3M_S3R_488-S100b_594-Mfge8_647-Tnc_20X_Merged.tif_rotated.tif","WT","M",30
"L57343-3M",11,21585.922,2.666,57556.237,178866,"C4-MAX_TILESCANS_20250704_multi_layer_HCR_IF_set1_lif - 20250704_L57343-3M_S3R_488-S100b_594-Mfge8_647-Tnc_20X_Merged.tif_rotated.tif_subtracted.tif_AllTiles.csv"," 20250704_L57343-3M_S3R_488-S100b_594-Mfge8_647-Tnc_20X_Merged.tif_rotated.tif","WT","M",30
"L57343-3M",1,1713.178,3.404,5832.012,18124,"C4-MAX_TILESCANS_20250704_multi_layer_HCR_IF_set1_lif - 20250704_L57343-3M_S4L_488-S100b_594-Mfge8_647-Tnc_20X_Merged.tif_rotated.tif_subtracted.tif_AllTiles.csv"," 20250704_L57343-3M_S4L_488-S100b_594-Mfge8_647-Tnc_20X_Merged.tif_rotated.tif","WT","M",30
"L57343-3M",2,2244.765,2.473,5551.416,17252,"C4-MAX_TILESCANS_20250704_multi_layer_HCR_IF_set1_lif - 20250704_L57343-3M_S4L_488-S100b_594-Mfge8_647-Tnc_20X_Merged.tif_rotated.tif_subtracted.tif_AllTiles.csv"," 20250704_L57343-3M_S4L_488-S100b_594-Mfge8_647-Tnc_20X_Merged.tif_rotated.tif","WT","M",30
"L57343-3M",3,1942.61,2.371,4605.372,14312,"C4-MAX_TILESCANS_20250704_multi_layer_HCR_IF_set1_lif - 20250704_L57343-3M_S4L_488-S100b_594-Mfge8_647-Tnc_20X_Merged.tif_rotated.tif_subtracted.tif_AllTiles.csv"," 20250704_L57343-3M_S4L_488-S100b_594-Mfge8_647-Tnc_20X_Merged.tif_rotated.tif","WT","M",30
"L57343-3M",4,2784.396,2.355,6556.669,20376,"C4-MAX_TILESCANS_20250704_multi_layer_HCR_IF_set1_lif - 20250704_L57343-3M_S4L_488-S100b_594-Mfge8_647-Tnc_20X_Merged.tif_rotated.tif_subtracted.tif_AllTiles.csv"," 20250704_L57343-3M_S4L_488-S100b_594-Mfge8_647-Tnc_20X_Merged.tif_rotated.tif","WT","M",30
"L57343-3M",5,3348.484,2.269,7598.284,23613,"C4-MAX_TILESCANS_20250704_multi_layer_HCR_IF_set1_lif - 20250704_L57343-3M_S4L_488-S100b_594-Mfge8_647-Tnc_20X_Merged.tif_rotated.tif_subtracted.tif_AllTiles.csv"," 20250704_L57343-3M_S4L_488-S100b_594-Mfge8_647-Tnc_20X_Merged.tif_rotated.tif","WT","M",30
"L57343-3M",6,2343.874,2.386,5592.283,17379,"C4-MAX_TILESCANS_20250704_multi_layer_HCR_IF_set1_lif - 20250704_L57343-3M_S4L_488-S100b_594-Mfge8_647-Tnc_20X_Merged.tif_rotated.tif_subtracted.tif_AllTiles.csv"," 20250704_L57343-3M_S4L_488-S100b_594-Mfge8_647-Tnc_20X_Merged.tif_rotated.tif","WT","M",30
"L57343-3M",7,2138.254,2.13,4553.886,14152,"C4-MAX_TILESCANS_20250704_multi_layer_HCR_IF_set1_lif - 20250704_L57343-3M_S4L_488-S100b_594-Mfge8_647-Tnc_20X_Merged.tif_rotated.tif_subtracted.tif_AllTiles.csv"," 20250704_L57343-3M_S4L_488-S100b_594-Mfge8_647-Tnc_20X_Merged.tif_rotated.tif","WT","M",30
"L57343-3M",8,1972.857,2.228,4395.247,13659,"C4-MAX_TILESCANS_20250704_multi_layer_HCR_IF_set1_lif - 20250704_L57343-3M_S4L_488-S100b_594-Mfge8_647-Tnc_20X_Merged.tif_rotated.tif_subtracted.tif_AllTiles.csv"," 20250704_L57343-3M_S4L_488-S100b_594-Mfge8_647-Tnc_20X_Merged.tif_rotated.tif","WT","M",30
"L57343-3M",9,874.609,2.474,2163.675,6724,"C4-MAX_TILESCANS_20250704_multi_layer_HCR_IF_set1_lif - 20250704_L57343-3M_S4L_488-S100b_594-Mfge8_647-Tnc_20X_Merged.tif_rotated.tif_subtracted.tif_AllTiles.csv"," 20250704_L57343-3M_S4L_488-S100b_594-Mfge8_647-Tnc_20X_Merged.tif_rotated.tif","WT","M",30
"L57343-3M",10,704.385,3.558,2506.053,7788,"C4-MAX_TILESCANS_20250704_multi_layer_HCR_IF_set1_lif - 20250704_L57343-3M_S4L_488-S100b_594-Mfge8_647-Tnc_20X_Merged.tif_rotated.tif_subtracted.tif_AllTiles.csv"," 20250704_L57343-3M_S4L_488-S100b_594-Mfge8_647-Tnc_20X_Merged.tif_rotated.tif","WT","M",30
"L57343-3M",11,20067.411,2.459,49354.898,153379,"C4-MAX_TILESCANS_20250704_multi_layer_HCR_IF_set1_lif - 20250704_L57343-3M_S4L_488-S100b_594-Mfge8_647-Tnc_20X_Merged.tif_rotated.tif_subtracted.tif_AllTiles.csv"," 20250704_L57343-3M_S4L_488-S100b_594-Mfge8_647-Tnc_20X_Merged.tif_rotated.tif","WT","M",30
"L57343-6M",1,885.549,4.138,3664.154,11387,"C4-MAX_TILESCANS_20250704_multi_layer_HCR_IF_set1_lif - 20250704_L57343-6M_S3R_488-S100b_594-Mfge8_647-Tnc_20X_Merged.tif_rotated.tif_subtracted.tif_AllTiles.csv"," 20250704_L57343-6M_S3R_488-S100b_594-Mfge8_647-Tnc_20X_Merged.tif_rotated.tif","KO","M",30
"L57343-6M",2,757.801,3.6,2728.406,8479,"C4-MAX_TILESCANS_20250704_multi_layer_HCR_IF_set1_lif - 20250704_L57343-6M_S3R_488-S100b_594-Mfge8_647-Tnc_20X_Merged.tif_rotated.tif_subtracted.tif_AllTiles.csv"," 20250704_L57343-6M_S3R_488-S100b_594-Mfge8_647-Tnc_20X_Merged.tif_rotated.tif","KO","M",30
"L57343-6M",3,2400.83,3.375,8102.198,25179,"C4-MAX_TILESCANS_20250704_multi_layer_HCR_IF_set1_lif - 20250704_L57343-6M_S3R_488-S100b_594-Mfge8_647-Tnc_20X_Merged.tif_rotated.tif_subtracted.tif_AllTiles.csv"," 20250704_L57343-6M_S3R_488-S100b_594-Mfge8_647-Tnc_20X_Merged.tif_rotated.tif","KO","M",30
"L57343-6M",4,3589.5,3.313,11891.525,36955,"C4-MAX_TILESCANS_20250704_multi_layer_HCR_IF_set1_lif - 20250704_L57343-6M_S3R_488-S100b_594-Mfge8_647-Tnc_20X_Merged.tif_rotated.tif_subtracted.tif_AllTiles.csv"," 20250704_L57343-6M_S3R_488-S100b_594-Mfge8_647-Tnc_20X_Merged.tif_rotated.tif","KO","M",30
"L57343-6M",5,3817.645,3.416,13041.259,40528,"C4-MAX_TILESCANS_20250704_multi_layer_HCR_IF_set1_lif - 20250704_L57343-6M_S3R_488-S100b_594-Mfge8_647-Tnc_20X_Merged.tif_rotated.tif_subtracted.tif_AllTiles.csv"," 20250704_L57343-6M_S3R_488-S100b_594-Mfge8_647-Tnc_20X_Merged.tif_rotated.tif","KO","M",30
"L57343-6M",6,3428.608,3.406,11679.148,36295,"C4-MAX_TILESCANS_20250704_multi_layer_HCR_IF_set1_lif - 20250704_L57343-6M_S3R_488-S100b_594-Mfge8_647-Tnc_20X_Merged.tif_rotated.tif_subtracted.tif_AllTiles.csv"," 20250704_L57343-6M_S3R_488-S100b_594-Mfge8_647-Tnc_20X_Merged.tif_rotated.tif","KO","M",30
"L57343-6M",7,3522.569,3.276,11541.424,35867,"C4-MAX_TILESCANS_20250704_multi_layer_HCR_IF_set1_lif - 20250704_L57343-6M_S3R_488-S100b_594-Mfge8_647-Tnc_20X_Merged.tif_rotated.tif_subtracted.tif_AllTiles.csv"," 20250704_L57343-6M_S3R_488-S100b_594-Mfge8_647-Tnc_20X_Merged.tif_rotated.tif","KO","M",30
"L57343-6M",8,3140.933,3.323,10438.671,32440,"C4-MAX_TILESCANS_20250704_multi_layer_HCR_IF_set1_lif - 20250704_L57343-6M_S3R_488-S100b_594-Mfge8_647-Tnc_20X_Merged.tif_rotated.tif_subtracted.tif_AllTiles.csv"," 20250704_L57343-6M_S3R_488-S100b_594-Mfge8_647-Tnc_20X_Merged.tif_rotated.tif","KO","M",30
"L57343-6M",9,1058.026,3.555,3761.654,11690,"C4-MAX_TILESCANS_20250704_multi_layer_HCR_IF_set1_lif - 20250704_L57343-6M_S3R_488-S100b_594-Mfge8_647-Tnc_20X_Merged.tif_rotated.tif_subtracted.tif_AllTiles.csv"," 20250704_L57343-6M_S3R_488-S100b_594-Mfge8_647-Tnc_20X_Merged.tif_rotated.tif","KO","M",30
"L57343-6M",10,484.928,5.107,2476.771,7697,"C4-MAX_TILESCANS_20250704_multi_layer_HCR_IF_set1_lif - 20250704_L57343-6M_S3R_488-S100b_594-Mfge8_647-Tnc_20X_Merged.tif_rotated.tif_subtracted.tif_AllTiles.csv"," 20250704_L57343-6M_S3R_488-S100b_594-Mfge8_647-Tnc_20X_Merged.tif_rotated.tif","KO","M",30
"L57343-6M",11,23054.532,3.436,79217.412,246182,"C4-MAX_TILESCANS_20250704_multi_layer_HCR_IF_set1_lif - 20250704_L57343-6M_S3R_488-S100b_594-Mfge8_647-Tnc_20X_Merged.tif_rotated.tif_subtracted.tif_AllTiles.csv"," 20250704_L57343-6M_S3R_488-S100b_594-Mfge8_647-Tnc_20X_Merged.tif_rotated.tif","KO","M",30
"L57343-6M",1,1222.135,4.158,5081.612,15792,"C4-MAX_TILESCANS_20250704_multi_layer_HCR_IF_set1_lif - 20250704_L57343-6M_S6R_488-S100b_594-Mfge8_647-Tnc_20X_Merged.tif_rotated.tif_subtracted.tif_AllTiles.csv"," 20250704_L57343-6M_S6R_488-S100b_594-Mfge8_647-Tnc_20X_Merged.tif_rotated.tif","KO","M",30
"L57343-6M",2,819.262,4.02,3293.137,10234,"C4-MAX_TILESCANS_20250704_multi_layer_HCR_IF_set1_lif - 20250704_L57343-6M_S6R_488-S100b_594-Mfge8_647-Tnc_20X_Merged.tif_rotated.tif_subtracted.tif_AllTiles.csv"," 20250704_L57343-6M_S6R_488-S100b_594-Mfge8_647-Tnc_20X_Merged.tif_rotated.tif","KO","M",30
"L57343-6M",3,2383.132,3.331,7937.444,24667,"C4-MAX_TILESCANS_20250704_multi_layer_HCR_IF_set1_lif - 20250704_L57343-6M_S6R_488-S100b_594-Mfge8_647-Tnc_20X_Merged.tif_rotated.tif_subtracted.tif_AllTiles.csv"," 20250704_L57343-6M_S6R_488-S100b_594-Mfge8_647-Tnc_20X_Merged.tif_rotated.tif","KO","M",30
"L57343-6M",4,4886.289,3.309,16168.034,50245,"C4-MAX_TILESCANS_20250704_multi_layer_HCR_IF_set1_lif - 20250704_L57343-6M_S6R_488-S100b_594-Mfge8_647-Tnc_20X_Merged.tif_rotated.tif_subtracted.tif_AllTiles.csv"," 20250704_L57343-6M_S6R_488-S100b_594-Mfge8_647-Tnc_20X_Merged.tif_rotated.tif","KO","M",30
"L57343-6M",5,3594.005,3.435,12344.275,38362,"C4-MAX_TILESCANS_20250704_multi_layer_HCR_IF_set1_lif - 20250704_L57343-6M_S6R_488-S100b_594-Mfge8_647-Tnc_20X_Merged.tif_rotated.tif_subtracted.tif_AllTiles.csv"," 20250704_L57343-6M_S6R_488-S100b_594-Mfge8_647-Tnc_20X_Merged.tif_rotated.tif","KO","M",30
"L57343-6M",6,3259.028,3.536,11522.439,35808,"C4-MAX_TILESCANS_20250704_multi_layer_HCR_IF_set1_lif - 20250704_L57343-6M_S6R_488-S100b_594-Mfge8_647-Tnc_20X_Merged.tif_rotated.tif_subtracted.tif_AllTiles.csv"," 20250704_L57343-6M_S6R_488-S100b_594-Mfge8_647-Tnc_20X_Merged.tif_rotated.tif","KO","M",30
"L57343-6M",7,3227.493,3.468,11193.898,34787,"C4-MAX_TILESCANS_20250704_multi_layer_HCR_IF_set1_lif - 20250704_L57343-6M_S6R_488-S100b_594-Mfge8_647-Tnc_20X_Merged.tif_rotated.tif_subtracted.tif_AllTiles.csv"," 20250704_L57343-6M_S6R_488-S100b_594-Mfge8_647-Tnc_20X_Merged.tif_rotated.tif","KO","M",30
"L57343-6M",8,2999.992,3.684,11051.026,34343,"C4-MAX_TILESCANS_20250704_multi_layer_HCR_IF_set1_lif - 20250704_L57343-6M_S6R_488-S100b_594-Mfge8_647-Tnc_20X_Merged.tif_rotated.tif_subtracted.tif_AllTiles.csv"," 20250704_L57343-6M_S6R_488-S100b_594-Mfge8_647-Tnc_20X_Merged.tif_rotated.tif","KO","M",30
"L57343-6M",9,1353.745,4.082,5525.674,17172,"C4-MAX_TILESCANS_20250704_multi_layer_HCR_IF_set1_lif - 20250704_L57343-6M_S6R_488-S100b_594-Mfge8_647-Tnc_20X_Merged.tif_rotated.tif_subtracted.tif_AllTiles.csv"," 20250704_L57343-6M_S6R_488-S100b_594-Mfge8_647-Tnc_20X_Merged.tif_rotated.tif","KO","M",30
"L57343-6M",10,1309.661,4.786,6267.707,19478,"C4-MAX_TILESCANS_20250704_multi_layer_HCR_IF_set1_lif - 20250704_L57343-6M_S6R_488-S100b_594-Mfge8_647-Tnc_20X_Merged.tif_rotated.tif_subtracted.tif_AllTiles.csv"," 20250704_L57343-6M_S6R_488-S100b_594-Mfge8_647-Tnc_20X_Merged.tif_rotated.tif","KO","M",30
"L57343-6M",11,25054.74,3.608,90385.245,280888,"C4-MAX_TILESCANS_20250704_multi_layer_HCR_IF_set1_lif - 20250704_L57343-6M_S6R_488-S100b_594-Mfge8_647-Tnc_20X_Merged.tif_rotated.tif_subtracted.tif_AllTiles.csv"," 20250704_L57343-6M_S6R_488-S100b_594-Mfge8_647-Tnc_20X_Merged.tif_rotated.tif","KO","M",30
"L57343-8F",1,979.793,2.487,2437.054,7549,"C4-MAX_TILESCANS_20250704_multi_layer_HCR_IF_set1_lif - 20250704_L57343-8F_S6L_488-S100b_594-Mfge8_647-Tnc_20X_Merged.tif_rotated.tif_subtracted.tif_AllTiles.csv"," 20250704_L57343-8F_S6L_488-S100b_594-Mfge8_647-Tnc_20X_Merged.tif_rotated.tif","WT","F",30
"L57343-8F",2,735.087,2.244,1649.668,5110,"C4-MAX_TILESCANS_20250704_multi_layer_HCR_IF_set1_lif - 20250704_L57343-8F_S6L_488-S100b_594-Mfge8_647-Tnc_20X_Merged.tif_rotated.tif_subtracted.tif_AllTiles.csv"," 20250704_L57343-8F_S6L_488-S100b_594-Mfge8_647-Tnc_20X_Merged.tif_rotated.tif","WT","F",30
"L57343-8F",3,1071.477,1.908,2044.814,6334,"C4-MAX_TILESCANS_20250704_multi_layer_HCR_IF_set1_lif - 20250704_L57343-8F_S6L_488-S100b_594-Mfge8_647-Tnc_20X_Merged.tif_rotated.tif_subtracted.tif_AllTiles.csv"," 20250704_L57343-8F_S6L_488-S100b_594-Mfge8_647-Tnc_20X_Merged.tif_rotated.tif","WT","F",30
"L57343-8F",4,1772.021,1.908,3380.367,10471,"C4-MAX_TILESCANS_20250704_multi_layer_HCR_IF_set1_lif - 20250704_L57343-8F_S6L_488-S100b_594-Mfge8_647-Tnc_20X_Merged.tif_rotated.tif_subtracted.tif_AllTiles.csv"," 20250704_L57343-8F_S6L_488-S100b_594-Mfge8_647-Tnc_20X_Merged.tif_rotated.tif","WT","F",30
"L57343-8F",5,2039.648,2.016,4112.871,12740,"C4-MAX_TILESCANS_20250704_multi_layer_HCR_IF_set1_lif - 20250704_L57343-8F_S6L_488-S100b_594-Mfge8_647-Tnc_20X_Merged.tif_rotated.tif_subtracted.tif_AllTiles.csv"," 20250704_L57343-8F_S6L_488-S100b_594-Mfge8_647-Tnc_20X_Merged.tif_rotated.tif","WT","F",30
"L57343-8F",6,2578.777,1.973,5088.79,15763,"C4-MAX_TILESCANS_20250704_multi_layer_HCR_IF_set1_lif - 20250704_L57343-8F_S6L_488-S100b_594-Mfge8_647-Tnc_20X_Merged.tif_rotated.tif_subtracted.tif_AllTiles.csv"," 20250704_L57343-8F_S6L_488-S100b_594-Mfge8_647-Tnc_20X_Merged.tif_rotated.tif","WT","F",30
"L57343-8F",7,1828.839,1.892,3459.783,10717,"C4-MAX_TILESCANS_20250704_multi_layer_HCR_IF_set1_lif - 20250704_L57343-8F_S6L_488-S100b_594-Mfge8_647-Tnc_20X_Merged.tif_rotated.tif_subtracted.tif_AllTiles.csv"," 20250704_L57343-8F_S6L_488-S100b_594-Mfge8_647-Tnc_20X_Merged.tif_rotated.tif","WT","F",30
"L57343-8F",8,1850.469,1.898,3512.082,10879,"C4-MAX_TILESCANS_20250704_multi_layer_HCR_IF_set1_lif - 20250704_L57343-8F_S6L_488-S100b_594-Mfge8_647-Tnc_20X_Merged.tif_rotated.tif_subtracted.tif_AllTiles.csv"," 20250704_L57343-8F_S6L_488-S100b_594-Mfge8_647-Tnc_20X_Merged.tif_rotated.tif","WT","F",30
"L57343-8F",9,1409.482,2.163,3048.173,9442,"C4-MAX_TILESCANS_20250704_multi_layer_HCR_IF_set1_lif - 20250704_L57343-8F_S6L_488-S100b_594-Mfge8_647-Tnc_20X_Merged.tif_rotated.tif_subtracted.tif_AllTiles.csv"," 20250704_L57343-8F_S6L_488-S100b_594-Mfge8_647-Tnc_20X_Merged.tif_rotated.tif","WT","F",30
"L57343-8F",10,1546.362,3.325,5142.38,15929,"C4-MAX_TILESCANS_20250704_multi_layer_HCR_IF_set1_lif - 20250704_L57343-8F_S6L_488-S100b_594-Mfge8_647-Tnc_20X_Merged.tif_rotated.tif_subtracted.tif_AllTiles.csv"," 20250704_L57343-8F_S6L_488-S100b_594-Mfge8_647-Tnc_20X_Merged.tif_rotated.tif","WT","F",30
"L57343-8F",11,15796.782,2.143,33850.154,104854,"C4-MAX_TILESCANS_20250704_multi_layer_HCR_IF_set1_lif - 20250704_L57343-8F_S6L_488-S100b_594-Mfge8_647-Tnc_20X_Merged.tif_rotated.tif_subtracted.tif_AllTiles.csv"," 20250704_L57343-8F_S6L_488-S100b_594-Mfge8_647-Tnc_20X_Merged.tif_rotated.tif","WT","F",30
"L58201-6F",1,1458.968,3.709,5410.797,16815,"C4-MAX_TILESCANS_20250704_multi_layer_HCR_IF_set1_lif - 20250704_L58201-6F_S4L_488-S100b_594-Mfge8_647-Tnc_20X_Merged.tif_rotated.tif_subtracted.tif_AllTiles.csv"," 20250704_L58201-6F_S4L_488-S100b_594-Mfge8_647-Tnc_20X_Merged.tif_rotated.tif","KO","F",30
"L58201-6F",2,941.218,3.471,3266.75,10152,"C4-MAX_TILESCANS_20250704_multi_layer_HCR_IF_set1_lif - 20250704_L58201-6F_S4L_488-S100b_594-Mfge8_647-Tnc_20X_Merged.tif_rotated.tif_subtracted.tif_AllTiles.csv"," 20250704_L58201-6F_S4L_488-S100b_594-Mfge8_647-Tnc_20X_Merged.tif_rotated.tif","KO","F",30
"L58201-6F",3,2631.549,2.439,6418.624,19947,"C4-MAX_TILESCANS_20250704_multi_layer_HCR_IF_set1_lif - 20250704_L58201-6F_S4L_488-S100b_594-Mfge8_647-Tnc_20X_Merged.tif_rotated.tif_subtracted.tif_AllTiles.csv"," 20250704_L58201-6F_S4L_488-S100b_594-Mfge8_647-Tnc_20X_Merged.tif_rotated.tif","KO","F",30
"L58201-6F",4,2548.529,2.3,5862.581,18219,"C4-MAX_TILESCANS_20250704_multi_layer_HCR_IF_set1_lif - 20250704_L58201-6F_S4L_488-S100b_594-Mfge8_647-Tnc_20X_Merged.tif_rotated.tif_subtracted.tif_AllTiles.csv"," 20250704_L58201-6F_S4L_488-S100b_594-Mfge8_647-Tnc_20X_Merged.tif_rotated.tif","KO","F",30
"L58201-6F",5,2145.333,2.355,5052.33,15701,"C4-MAX_TILESCANS_20250704_multi_layer_HCR_IF_set1_lif - 20250704_L58201-6F_S4L_488-S100b_594-Mfge8_647-Tnc_20X_Merged.tif_rotated.tif_subtracted.tif_AllTiles.csv"," 20250704_L58201-6F_S4L_488-S100b_594-Mfge8_647-Tnc_20X_Merged.tif_rotated.tif","KO","F",30
"L58201-6F",6,1708.994,2.355,4025.517,12510,"C4-MAX_TILESCANS_20250704_multi_layer_HCR_IF_set1_lif - 20250704_L58201-6F_S4L_488-S100b_594-Mfge8_647-Tnc_20X_Merged.tif_rotated.tif_subtracted.tif_AllTiles.csv"," 20250704_L58201-6F_S4L_488-S100b_594-Mfge8_647-Tnc_20X_Merged.tif_rotated.tif","KO","F",30
"L58201-6F",7,1197.68,2.384,2854.867,8872,"C4-MAX_TILESCANS_20250704_multi_layer_HCR_IF_set1_lif - 20250704_L58201-6F_S4L_488-S100b_594-Mfge8_647-Tnc_20X_Merged.tif_rotated.tif_subtracted.tif_AllTiles.csv"," 20250704_L58201-6F_S4L_488-S100b_594-Mfge8_647-Tnc_20X_Merged.tif_rotated.tif","KO","F",30
"L58201-6F",8,1448.028,2.661,3853.363,11975,"C4-MAX_TILESCANS_20250704_multi_layer_HCR_IF_set1_lif - 20250704_L58201-6F_S4L_488-S100b_594-Mfge8_647-Tnc_20X_Merged.tif_rotated.tif_subtracted.tif_AllTiles.csv"," 20250704_L58201-6F_S4L_488-S100b_594-Mfge8_647-Tnc_20X_Merged.tif_rotated.tif","KO","F",30
"L58201-6F",9,627.8,3.473,2180.086,6775,"C4-MAX_TILESCANS_20250704_multi_layer_HCR_IF_set1_lif - 20250704_L58201-6F_S4L_488-S100b_594-Mfge8_647-Tnc_20X_Merged.tif_rotated.tif_subtracted.tif_AllTiles.csv"," 20250704_L58201-6F_S4L_488-S100b_594-Mfge8_647-Tnc_20X_Merged.tif_rotated.tif","KO","F",30
"L58201-6F",10,529.013,4.569,2416.919,7511,"C4-MAX_TILESCANS_20250704_multi_layer_HCR_IF_set1_lif - 20250704_L58201-6F_S4L_488-S100b_594-Mfge8_647-Tnc_20X_Merged.tif_rotated.tif_subtracted.tif_AllTiles.csv"," 20250704_L58201-6F_S4L_488-S100b_594-Mfge8_647-Tnc_20X_Merged.tif_rotated.tif","KO","F",30
"L58201-6F",11,15237.113,2.713,41341.834,128477,"C4-MAX_TILESCANS_20250704_multi_layer_HCR_IF_set1_lif - 20250704_L58201-6F_S4L_488-S100b_594-Mfge8_647-Tnc_20X_Merged.tif_rotated.tif_subtracted.tif_AllTiles.csv"," 20250704_L58201-6F_S4L_488-S100b_594-Mfge8_647-Tnc_20X_Merged.tif_rotated.tif","KO","F",30
"L58201-6F",1,3587.251,4.061,14567.175,45270,"C4-MAX_TILESCANS_20250704_multi_layer_HCR_IF_set1_lif - 20250704_L58201-6F_S4R_488-S100b_594-Mfge8_647-Tnc_20X_Merged.tif_rotated.tif_subtracted.tif_AllTiles.csv"," 20250704_L58201-6F_S4R_488-S100b_594-Mfge8_647-Tnc_20X_Merged.tif_rotated.tif","KO","F",30
"L58201-6F",2,3248.412,3.268,10616.951,32994,"C4-MAX_TILESCANS_20250704_multi_layer_HCR_IF_set1_lif - 20250704_L58201-6F_S4R_488-S100b_594-Mfge8_647-Tnc_20X_Merged.tif_rotated.tif_subtracted.tif_AllTiles.csv"," 20250704_L58201-6F_S4R_488-S100b_594-Mfge8_647-Tnc_20X_Merged.tif_rotated.tif","KO","F",30
"L58201-6F",3,4545.525,2.953,13425.163,41721,"C4-MAX_TILESCANS_20250704_multi_layer_HCR_IF_set1_lif - 20250704_L58201-6F_S4R_488-S100b_594-Mfge8_647-Tnc_20X_Merged.tif_rotated.tif_subtracted.tif_AllTiles.csv"," 20250704_L58201-6F_S4R_488-S100b_594-Mfge8_647-Tnc_20X_Merged.tif_rotated.tif","KO","F",30
"L58201-6F",4,4029.705,2.896,11668.864,36263,"C4-MAX_TILESCANS_20250704_multi_layer_HCR_IF_set1_lif - 20250704_L58201-6F_S4R_488-S100b_594-Mfge8_647-Tnc_20X_Merged.tif_rotated.tif_subtracted.tif_AllTiles.csv"," 20250704_L58201-6F_S4R_488-S100b_594-Mfge8_647-Tnc_20X_Merged.tif_rotated.tif","KO","F",30
"L58201-6F",5,3775.817,2.821,10652.991,33106,"C4-MAX_TILESCANS_20250704_multi_layer_HCR_IF_set1_lif - 20250704_L58201-6F_S4R_488-S100b_594-Mfge8_647-Tnc_20X_Merged.tif_rotated.tif_subtracted.tif_AllTiles.csv"," 20250704_L58201-6F_S4R_488-S100b_594-Mfge8_647-Tnc_20X_Merged.tif_rotated.tif","KO","F",30
"L58201-6F",6,1586.718,2.961,4698.694,14602,"C4-MAX_TILESCANS_20250704_multi_layer_HCR_IF_set1_lif - 20250704_L58201-6F_S4R_488-S100b_594-Mfge8_647-Tnc_20X_Merged.tif_rotated.tif_subtracted.tif_AllTiles.csv"," 20250704_L58201-6F_S4R_488-S100b_594-Mfge8_647-Tnc_20X_Merged.tif_rotated.tif","KO","F",30
"L58201-6F",7,1307.088,3.186,4164.211,12941,"C4-MAX_TILESCANS_20250704_multi_layer_HCR_IF_set1_lif - 20250704_L58201-6F_S4R_488-S100b_594-Mfge8_647-Tnc_20X_Merged.tif_rotated.tif_subtracted.tif_AllTiles.csv"," 20250704_L58201-6F_S4R_488-S100b_594-Mfge8_647-Tnc_20X_Merged.tif_rotated.tif","KO","F",30
"L58201-6F",8,1369.514,3.024,4142.007,12872,"C4-MAX_TILESCANS_20250704_multi_layer_HCR_IF_set1_lif - 20250704_L58201-6F_S4R_488-S100b_594-Mfge8_647-Tnc_20X_Merged.tif_rotated.tif_subtracted.tif_AllTiles.csv"," 20250704_L58201-6F_S4R_488-S100b_594-Mfge8_647-Tnc_20X_Merged.tif_rotated.tif","KO","F",30
"L58201-6F",9,697.307,4.389,3060.169,9510,"C4-MAX_TILESCANS_20250704_multi_layer_HCR_IF_set1_lif - 20250704_L58201-6F_S4R_488-S100b_594-Mfge8_647-Tnc_20X_Merged.tif_rotated.tif_subtracted.tif_AllTiles.csv"," 20250704_L58201-6F_S4R_488-S100b_594-Mfge8_647-Tnc_20X_Merged.tif_rotated.tif","KO","F",30
"L58201-6F",10,502.627,5.876,2953.658,9179,"C4-MAX_TILESCANS_20250704_multi_layer_HCR_IF_set1_lif - 20250704_L58201-6F_S4R_488-S100b_594-Mfge8_647-Tnc_20X_Merged.tif_rotated.tif_subtracted.tif_AllTiles.csv"," 20250704_L58201-6F_S4R_488-S100b_594-Mfge8_647-Tnc_20X_Merged.tif_rotated.tif","KO","F",30
"L58201-6F",11,24563.404,3.244,79677.975,247613,"C4-MAX_TILESCANS_20250704_multi_layer_HCR_IF_set1_lif - 20250704_L58201-6F_S4R_488-S100b_594-Mfge8_647-Tnc_20X_Merged.tif_rotated.tif_subtracted.tif_AllTiles.csv"," 20250704_L58201-6F_S4R_488-S100b_594-Mfge8_647-Tnc_20X_Merged.tif_rotated.tif","KO","F",30
"L58201-6F",1,859.583,3.215,2763.685,8533,"C4-MAX_TILESCANS_20250704_multi_layer_HCR_IF_set1_lif - 20250704_L58201-6F_S5L_488-S100b_594-Mfge8_647-Tnc_20X_Merged.tif_rotated.tif_subtracted.tif_AllTiles.csv"," 20250704_L58201-6F_S5L_488-S100b_594-Mfge8_647-Tnc_20X_Merged.tif_rotated.tif","KO","F",30
"L58201-6F",2,1300.71,2.879,3744.723,11562,"C4-MAX_TILESCANS_20250704_multi_layer_HCR_IF_set1_lif - 20250704_L58201-6F_S5L_488-S100b_594-Mfge8_647-Tnc_20X_Merged.tif_rotated.tif_subtracted.tif_AllTiles.csv"," 20250704_L58201-6F_S5L_488-S100b_594-Mfge8_647-Tnc_20X_Merged.tif_rotated.tif","KO","F",30
"L58201-6F",3,2821.984,2.491,7030.83,21708,"C4-MAX_TILESCANS_20250704_multi_layer_HCR_IF_set1_lif - 20250704_L58201-6F_S5L_488-S100b_594-Mfge8_647-Tnc_20X_Merged.tif_rotated.tif_subtracted.tif_AllTiles.csv"," 20250704_L58201-6F_S5L_488-S100b_594-Mfge8_647-Tnc_20X_Merged.tif_rotated.tif","KO","F",30
"L58201-6F",4,3670.231,2.538,9313.226,28755,"C4-MAX_TILESCANS_20250704_multi_layer_HCR_IF_set1_lif - 20250704_L58201-6F_S5L_488-S100b_594-Mfge8_647-Tnc_20X_Merged.tif_rotated.tif_subtracted.tif_AllTiles.csv"," 20250704_L58201-6F_S5L_488-S100b_594-Mfge8_647-Tnc_20X_Merged.tif_rotated.tif","KO","F",30
"L58201-6F",5,4799.607,2.254,10818.306,33402,"C4-MAX_TILESCANS_20250704_multi_layer_HCR_IF_set1_lif - 20250704_L58201-6F_S5L_488-S100b_594-Mfge8_647-Tnc_20X_Merged.tif_rotated.tif_subtracted.tif_AllTiles.csv"," 20250704_L58201-6F_S5L_488-S100b_594-Mfge8_647-Tnc_20X_Merged.tif_rotated.tif","KO","F",30
"L58201-6F",6,3560.111,2.357,8390.81,25907,"C4-MAX_TILESCANS_20250704_multi_layer_HCR_IF_set1_lif - 20250704_L58201-6F_S5L_488-S100b_594-Mfge8_647-Tnc_20X_Merged.tif_rotated.tif_subtracted.tif_AllTiles.csv"," 20250704_L58201-6F_S5L_488-S100b_594-Mfge8_647-Tnc_20X_Merged.tif_rotated.tif","KO","F",30
"L58201-6F",7,2197.863,2.566,5640.081,17414,"C4-MAX_TILESCANS_20250704_multi_layer_HCR_IF_set1_lif - 20250704_L58201-6F_S5L_488-S100b_594-Mfge8_647-Tnc_20X_Merged.tif_rotated.tif_subtracted.tif_AllTiles.csv"," 20250704_L58201-6F_S5L_488-S100b_594-Mfge8_647-Tnc_20X_Merged.tif_rotated.tif","KO","F",30
"L58201-6F",8,3090.806,2.482,7672.116,23688,"C4-MAX_TILESCANS_20250704_multi_layer_HCR_IF_set1_lif - 20250704_L58201-6F_S5L_488-S100b_594-Mfge8_647-Tnc_20X_Merged.tif_rotated.tif_subtracted.tif_AllTiles.csv"," 20250704_L58201-6F_S5L_488-S100b_594-Mfge8_647-Tnc_20X_Merged.tif_rotated.tif","KO","F",30
"L58201-6F",9,2085.152,2.567,5353.445,16529,"C4-MAX_TILESCANS_20250704_multi_layer_HCR_IF_set1_lif - 20250704_L58201-6F_S5L_488-S100b_594-Mfge8_647-Tnc_20X_Merged.tif_rotated.tif_subtracted.tif_AllTiles.csv"," 20250704_L58201-6F_S5L_488-S100b_594-Mfge8_647-Tnc_20X_Merged.tif_rotated.tif","KO","F",30
"L58201-6F",10,1127.433,3.676,4144.718,12797,"C4-MAX_TILESCANS_20250704_multi_layer_HCR_IF_set1_lif - 20250704_L58201-6F_S5L_488-S100b_594-Mfge8_647-Tnc_20X_Merged.tif_rotated.tif_subtracted.tif_AllTiles.csv"," 20250704_L58201-6F_S5L_488-S100b_594-Mfge8_647-Tnc_20X_Merged.tif_rotated.tif","KO","F",30
"L58201-6F",11,25467.811,2.542,64726.517,199846,"C4-MAX_TILESCANS_20250704_multi_layer_HCR_IF_set1_lif - 20250704_L58201-6F_S5L_488-S100b_594-Mfge8_647-Tnc_20X_Merged.tif_rotated.tif_subtracted.tif_AllTiles.csv"," 20250704_L58201-6F_S5L_488-S100b_594-Mfge8_647-Tnc_20X_Merged.tif_rotated.tif","KO","F",30
